{
    "AP": 0.09215386945808296,
    "AP50": -1.0,
    "AP75": -1.0,
    "APs": 0.0,
    "APm": 0.08535930244665631,
    "APl": 0.1196933949837582
}