{"train_losses": [1.3748905519916588, 1.1173457527813846, 1.0418044483824953, 0.9891275416498315, 0.9584294720871808], "val_losses": [1.1182372821004767, 1.06878988366378, 1.0408855300200612, 1.0261747241020203, 1.03311393449181]}