{
    "mAP50": 0.9234303208007592,
    "mAP50-95": 0.6529921215299944,
    "precision": 0.8556308632986133,
    "recall": 0.9201193391551811
}